{
  "images" : [
    {
      "filename" : "icon-ios-1024-1024@1x 2.png",
      "idiom" : "universal",
      "platform" : "ios",
      "size" : "1024x1024"
    },
    {
      "filename" : "icon-ios-1024-20@2x.png",
      "idiom" : "iphone",
      "scale" : "2x",
      "size" : "20x20"
    },
    {
      "filename" : "icon-ios-1024-20@3x.png",
      "idiom" : "iphone",
      "scale" : "3x",
      "size" : "20x20"
    },
    {
      "filename" : "icon-ios-1024-29@1x.png",
      "idiom" : "iphone",
      "scale" : "1x",
      "size" : "29x29"
    },
    {
      "filename" : "icon-ios-1024-29@2x.png",
      "idiom" : "iphone",
      "scale" : "2x",
      "size" : "29x29"
    },
    {
      "filename" : "icon-ios-1024-29@3x.png",
      "idiom" : "iphone",
      "scale" : "3x",
      "size" : "29x29"
    },
    {
      "filename" : "icon-ios-1024-40@2x.png",
      "idiom" : "iphone",
      "scale" : "2x",
      "size" : "40x40"
    },
    {
      "filename" : "icon-ios-1024-40@3x.png",
      "idiom" : "iphone",
      "scale" : "3x",
      "size" : "40x40"
    },
    {
      "filename" : "icon-ios-1024-60@2x.png",
      "idiom" : "iphone",
      "scale" : "2x",
      "size" : "60x60"
    },
    {
      "filename" : "icon-ios-1024-60@3x.png",
      "idiom" : "iphone",
      "scale" : "3x",
      "size" : "60x60"
    },
    {
      "filename" : "icon-ios-1024-1024@1x 1.png",
      "idiom" : "ios-marketing",
      "scale" : "1x",
      "size" : "1024x1024"
    },
    {
      "filename" : "icon-ios-1024-20@1x.png",
      "idiom" : "universal",
      "scale" : "1x",
      "size" : "20x20"
    },
    {
      "filename" : "icon-ios-1024-40@1x.png",
      "idiom" : "universal",
      "scale" : "1x",
      "size" : "40x40"
    },
    {
      "filename" : "icon-ios-1024-76@1x.png",
      "idiom" : "universal",
      "scale" : "1x",
      "size" : "76x76"
    },
    {
      "filename" : "icon-ios-1024-76@2x.png",
      "idiom" : "universal",
      "scale" : "2x",
      "size" : "76x76"
    },
    {
      "filename" : "icon-ios-1024-83.5@2x.png",
      "idiom" : "universal",
      "scale" : "2x",
      "size" : "83.5x83.5"
    },
    {
      "filename" : "icon-ios-1024-1024@1x.png",
      "idiom" : "universal",
      "scale" : "1x",
      "size" : "1024x1024"
    }
  ],
  "info" : {
    "author" : "xcode",
    "version" : 1
  }
}
